{"cameraMode":{"drawMode":0,"name":"Shaded","section":"Shading Mode"},"sceneLighting":true,"audioPlay":false,"sceneViewState":{"showFog":true,"showMaterialUpdate":false,"showSkybox":false,"showFlares":true,"showImageEffects":true,"showParticleSystems":true},"in2DMode":false,"pivot":{"x":2.0400564670562746,"y":1.5899018049240113,"z":16.163122177124025},"rotation":{"x":-0.17646609246730805,"y":0.1752527803182602,"z":-0.03194817900657654,"w":-0.9680554866790772},"size":33.152557373046878,"orthographic":false}